{"cameraMode":{"drawMode":0,"name":"Shaded","section":"Shading Mode"},"sceneLighting":true,"audioPlay":false,"sceneViewState":{"m_AlwaysRefresh":false,"showFog":true,"showSkybox":true,"showFlares":true,"showImageEffects":true,"showParticleSystems":true,"showVisualEffectGraphs":true,"m_FxEnabled":true},"in2DMode":false,"pivot":{"x":-5.26180362701416,"y":1.9864883422851563,"z":14.056692123413086},"rotation":{"x":0.023875799030065538,"y":0.10089164227247238,"z":0.0024190694093704225,"w":-0.9946204423904419},"size":13.48311996459961,"orthographic":false}