{"cameraMode":{"drawMode":0,"name":"Shaded","section":"Shading Mode"},"sceneLighting":true,"audioPlay":false,"sceneViewState":{"m_AlwaysRefresh":false,"showFog":true,"showSkybox":true,"showFlares":true,"showImageEffects":true,"showParticleSystems":true,"showVisualEffectGraphs":true,"m_FxEnabled":true},"in2DMode":false,"pivot":{"x":1.4453891515731812,"y":1.6091179847717286,"z":18.616500854492189},"rotation":{"x":0.0014996235258877278,"y":-0.021906951442360879,"z":-0.00003564697180991061,"w":-0.9997698068618774},"size":14.118450164794922,"orthographic":false}